EquipmentID,StudentID,EquipmentType,Location,,,,,,,,,,
1,1969592,Livescribe,With Student,,,,,,,,,,
2,2267793,Livescribe,With Student,,,,,,,,,,
3,7506355,Livescribe,With Student,,,,,,,,,,
4,2036988,Livescribe,With Student,,,,,,,,,,
5,5064637,Livescribe,With Student,,,,,,,,,,
6,3290201,Livescribe,With Student,,,,,,,,,,
7,5906784,Livescribe,With Student,,,,,,,,,,
8,3093194,Livescribe,With Student,,,,,,,,,,
9,5305701,Livescribe,With Student,,,,,,,,,,
10,1062821,Livescribe,With Student,,,,,,,,,,
11,6615802,Livescribe,With Student,,,,,,,,,,
12,6848887,Livescribe,With Student,,,,,,,,,,
13,7711688,Livescribe,With Student,,,,,,,,,,
14,6564733,Livescribe,With Student,,,,,,,,,,
15,4795192,Livescribe,With Student,,,,,,,,,,
16,3595565,Livescribe,With Student,,,,,,,,,,
17,4454850,Livescribe,With Student,,,,,,,,,,
18,3243054,Livescribe,With Student,,,,,,,,,,
19,2085588,Livescribe,With Student,,,,,,,,,,
20,6877257,Livescribe,With Student,,,,,,,,,,
21,7133097,Livescribe,With Student,,,,,,,,,,
22,8770129,Livescribe,With Student,,,,,,,,,,
23,5674549,Livescribe,With Student,,,,,,,,,,
24,1585198,Livescribe,With Student,,,,,,,,,,
25,4164087,Livescribe,With Student,,,,,,,,,,
26,3609533,Livescribe,With Student,,,,,,,,,,
27,1077089,Livescribe,With Student,,,,,,,,,,
28,6030535,Livescribe,With Student,,,,,,,,,,
29,3969232,Livescribe,With Student,,,,,,,,,,
30,3127718,Livescribe,With Student,,,,,,,,,,
31,1317450,Livescribe,With Student,,,,,,,,,,
32,3943728,Livescribe,With Student,,,,,,,,,,
33,5808318,Livescribe,With Student,,,,,,,,,,
34,5447060,Livescribe,With Student,,,,,,,,,,
35,1446246,Livescribe,With Student,,,,,,,,,,
36,6310518,Livescribe,With Student,,,,,,,,,,
37,2262938,Livescribe,With Student,,,,,,,,,,
38,2156660,Livescribe,With Student,,,,,,,,,,
39,1534814,Livescribe,With Student,,,,,,,,,,
40,5309849,Livescribe,With Student,,,,,,,,,,
41,2180164,Livescribe,With Student,,,,,,,,,,
42,5555907,Livescribe,With Student,,,,,,,,,,
43,3804665,Livescribe,With Student,,,,,,,,,,
44,3407985,Livescribe,With Student,,,,,,,,,,
45,4763064,Livescribe,With Student,,,,,,,,,,
46,1394131,Livescribe,With Student,,,,,,,,,,
47,8743482,Livescribe,With Student,,,,,,,,,,
48,3863512,Livescribe,With Student,,,,,,,,,,
49,3304316,Livescribe,With Student,,,,,,,,,,
50,2124208,Laptop,With Student,,,,,,,,,,
51,4991432,Laptop,With Student,,,,,,,,,,
52,3801189,Laptop,With Student,,,,,,,,,,
53,1604947,Laptop,With Student,,,,,,,,,,
54,7614412,Laptop,With Student,,,,,,,,,,
55,3513927,Laptop,With Student,,,,,,,,,,
56,3116541,Laptop,With Student,,,,,,,,,,
57,1422936,Laptop,With Student,,,,,,,,,,
58,3955053,Laptop,With Student,,,,,,,,,,
59,8386274,Laptop,With Student,,,,,,,,,,
60,8349866,Laptop,With Student,,,,,,,,,,
61,2559828,Laptop,With Student,,,,,,,,,,
62,6120980,Laptop,With Student,,,,,,,,,,
63,3698474,Laptop,With Student,,,,,,,,,,
64,6990479,Laptop,With Student,,,,,,,,,,
65,7735202,Laptop,With Student,,,,,,,,,,
66,1838433,Laptop,With Student,,,,,,,,,,
67,2543815,Laptop,With Student,,,,,,,,,,
68,3163425,Dell Latitude E5430,Alternate Exam Centre,,Exam Set-up,International Keyboard,25V4VY1,,,,,,
69,3302038,Dell Latitude E5530,Alternate Exam Centre,,Exam Set-up,International Keyboard,GL9H8W1,,,,,,
70,7156942,Dell Latitude E5520,Alternate Exam Centre,,Exam Set-up,,,,,,,,
71,8270758,Dell Latitude E5530,Alternate Exam Centre,,Exam Set-up,,,,,,,,
72,4178022,Dell Latitude E5520,Alternate Exam Centre,,Exam Set-up,Blue Background,,,,,,,
73,6742000,Dell Latitude E5450,Alternate Exam Centre,,Exam Set-up,Voice Recognition,,,,,,,
74,7775145,Dell Latitude E7250,Alternate Exam Centre,,Exam Set-up,Voice Recognition,,,,,,,
75,1102145,Dell Latitude E5450,AT Office,backpack,Exam Set-up,Office installed,JFB6262,,,,,,
76,2461635,Dell Latitude E5550,AT Office,carry case,AT Demonstration Set-up,,6G7D162,,,,,,
77,8726026,Laptop,With Student,,,,,,,,,,
78,7805272,Laptop,With Student,,,,,,,,,,
79,3982655,Radio Aid,With Student,,,,,,,,,,
80,5562701,Radio Aid,With Student,,,,,,,,,,
81,6331630,Radio Aid,With Student,,,,,,,,,,
82,6159437,Radio Aid,With Student,,,,,,,,,,
83,4998680,Radio Aid,With Student,,,,,,,,,,
84,5840348,iZiggi,With Student,,,,,,,,,,
85,5056370,iZiggi,With Student,,,,,,,,,,
86,6029465,iZiggi,With Student,,,,,,,,,,
87,6740250,iPad,With Student,,,,,,,,,,
88,1217526,iPad,With Student,,,,,,,,,,
89,8448282,iPad,With Student,,,,,,,,,,
90,5468369,iPad,With Student,,,,,,,,,,
91,8321945,Livescribe,With Student,,,,,,,,,,
92,6854400,Livescribe,With Student,,,,,,,,,,
93,2751262,Livescribe,With Student,,,,,,,,,,
94,7573209,Livescribe,With Student,,,,,,,,,,
95,2607639,Livescribe,With Student,,,,,,,,,,
96,,Livescribe,AT Office,,,,,,,,,,
97,,Livescribe,AT Office,,,,,,,,,,
98,,Livescribe,AT Office,,,,,,,,,,
99,,Livescribe,AT Office,,,,,,,,,,
100,,Livescribe,AT Office,,,,,,,,,,
101,,Livescribe,AT Office,,,,,,,,,,
102,,Livescribe,AT Office,,,,,,,,,,
103,,Livescribe,AT Office,,,,,,,,,,
104,,Livescribe,AT Office,,,,,,,,,,
105,,Livescribe,AT Office,,,,,,,,,,
106,,Livescribe,AT Office,,,,,,,,,,
107,,Livescribe,AT Office,,,,,,,,,,
108,,Livescribe,AT Office,,,,,,,,,,
109,,Livescribe,AT Office,,,,,,,,,,
110,,Livescribe,AT Office,,,,,,,,,,
111,,Livescribe,AT Office,,,,,,,,,,
112,,Livescribe,AT Office,,,,,,,,,,
113,,Livescribe,AT Office,,,,,,,,,,
114,,Livescribe,AT Office,,,,,,,,,,
115,,Livescribe,AT Office,,,,,,,,,,
116,,Livescribe,AT Office,,,,,,,,,,
117,,Livescribe,AT Office,,,,,,,,,,
118,,Livescribe,AT Office,,,,,,,,,,
119,,Livescribe,AT Office,,,,,,,,,,
120,,Livescribe,AT Office,,,,,,,,,,
121,,Livescribe,AT Office,,,,,,,,,,
122,,Livescribe,AT Office,,,,,,,,,,
123,,Livescribe,AT Office,,,,,,,,,,
124,,Livescribe,AT Office,,,,,,,,,,
125,,Livescribe,AT Office,,,,,,,,,,
126,,Livescribe,AT Office,,,,,,,,,,
127,,Livescribe,AT Office,,,,,,,,,,
128,,Livescribe,AT Office,,,,,,,,,,
129,,Livescribe,AT Office,,,,,,,,,,
130,,Livescribe,AT Office,,,,,,,,,,
131,,Livescribe,AT Office,,,,,,,,,,
132,,Livescribe,AT Office,,,,,,,,,,
133,,Livescribe,AT Office,,,,,,,,,,
134,,Livescribe,AT Office,,,,,,,,,,
135,,Livescribe,AT Office,,,,,,,,,,
136,,Livescribe,AT Office,,,,,,,,,,
137,,Livescribe,AT Office,,,,,,,,,,
138,,Livescribe,AT Office,,,,,,,,,,
139,,Livescribe,AT Office,,,,,,,,,,
140,,Livescribe,AT Office,,,,,,,,,,
141,,Livescribe,AT Office,,,,,,,,,,
142,,Livescribe,AT Office,,,,,,,,,,
143,,Livescribe,AT Office,,,,,,,,,,
144,,Livescribe,AT Office,,,,,,,,,,
145,,Livescribe,AT Office,,,,,,,,,,
146,,Livescribe,AT Office,,,,,,,,,,
147,,Livescribe,AT Office,,,,,,,,,,
148,,Livescribe,AT Office,,,,,,,,,,
149,,Livescribe,AT Office,,,,,,,,,,
150,,Livescribe,AT Office,,,,,,,,,,
151,,Livescribe,AT Office,,,,,,,,,,
152,,Livescribe,AT Office,,,,,,,,,,
153,,Livescribe,AT Office,,,,,,,,,,
154,,Livescribe,AT Office,,,,,,,,,,
155,,Livescribe,AT Office,,,,,,,,,,
156,,Livescribe,AT Office,,,,,,,,,,
157,,Livescribe,AT Office,,,,,,,,,,
158,,Livescribe,AT Office,,,,,,,,,,
159,,Livescribe,AT Office,,,,,,,,,,
160,,Livescribe,AT Office,,,,,,,,,,
161,,Livescribe,AT Office,,,,,,,,,,
162,,Livescribe,AT Office,,,,,,,,,,
163,,Livescribe,AT Office,,,,,,,,,,
164,,Livescribe,AT Office,,,,,,,,,,
165,,Livescribe,AT Office,,,,,,,,,,
166,,Livescribe,AT Office,,,,,,,,,,
167,,Livescribe,AT Office,,,,,,,,,,
168,,Livescribe,AT Office,,,,,,,,,,
169,,Livescribe,AT Office,,,,,,,,,,
170,,Livescribe,AT Office,,,,,,,,,,
171,,Livescribe,AT Office,,,,,,,,,,
172,,Livescribe,AT Office,,,,,,,,,,
173,,Livescribe,AT Office,,,,,,,,,,
174,,Livescribe,AT Office,,,,,,,,,,
175,,Livescribe,AT Office,,,,,,,,,,
176,,Livescribe,AT Office,,,,,,,,,,
177,,Livescribe,AT Office,,,,,,,,,,
178,,Livescribe,AT Office,,,,,,,,,,
179,,Livescribe,AT Office,,,,,,,,,,
180,,Livescribe,AT Office,,,,,,,,,,
181,,Livescribe,AT Office,,,,,,,,,,
182,,Livescribe,AT Office,,,,,,,,,,
183,,Livescribe,AT Office,,,,,,,,,,
184,,Livescribe,AT Office,,,,,,,,,,
185,,Livescribe,AT Office,,,,,,,,,,
186,,Livescribe,AT Office,,,,,,,,,,
187,,Livescribe,AT Office,,,,,,,,,,
188,,Livescribe,AT Office,,,,,,,,,,
189,,Livescribe,AT Office,,,,,,,,,,
190,,Livescribe,AT Office,,,,,,,,,,
191,,Livescribe,AT Office,,,,,,,,,,
192,,Livescribe,AT Office,,,,,,,,,,
193,,Livescribe,AT Office,,,,,,,,,,
194,,Livescribe,AT Office,,,,,,,,,,
195,,Livescribe,AT Office,,,,,,,,,,
196,,Livescribe,AT Office,,,,,,,,,,
197,,Livescribe,AT Office,,,,,,,,,,
198,,Livescribe,AT Office,,,,,,,,,,
199,,Livescribe,AT Office,,,,,,,,,,
